Position,Track Name,Artist,Streams,date,region,id,uri,happiness,energy,danceability,loudness,speechiness,instrumentalness
65,Bum Bum Tam Tam,MC Fioti,111915,11/24/2017,br,7KBfjlQ85Fqs2MCCvXSW0c,spotify:track:7KBfjlQ85Fqs2MCCvXSW0c,0.556,0.667,0.957,-5.353,0.0856,0.0205
20,"Feels (feat. Pharrell Williams, Katy Perry & Big Sean)",Calvin Harris,111914,9/1/2017,se,5bcTCxgc7xVfSaMV3RuVke,spotify:track:5bcTCxgc7xVfSaMV3RuVke,0.872,0.745,0.893,-3.105,0.0571,0
15,Cold Water (feat. Justin Bieber & MÃ),Major Lazer,111883,1/6/2017,ph,6DNtNfH8hXkqOX1sjqmI7p,spotify:track:6DNtNfH8hXkqOX1sjqmI7p,0.501,0.798,0.608,-5.092,0.0432,0
17,Solo Dance,Martin Jensen,111851,4/14/2017,se,6HUnnBwYZqcED1eQztxMBN,spotify:track:6HUnnBwYZqcED1eQztxMBN,0.36,0.836,0.744,-2.396,0.0507,0
18,"How Far I'll Go - From ""Moana""",Alessia Cara,111843,4/14/2017,se,5hYTyyh2odQKphUbMqc5gN,spotify:track:5hYTyyh2odQKphUbMqc5gN,0.159,0.555,0.314,-9.601,0.37,0.000108
48,Dusk Till Dawn - Radio Edit,ZAYN,111830,11/24/2017,mx,1j4kHkkpqZRBwE0A4CN4Yv,spotify:track:1j4kHkkpqZRBwE0A4CN4Yv,0.0967,0.437,0.258,-6.593,0.039,1.27e-06
18,2U (feat. Justin Bieber),David Guetta,111811,9/1/2017,nl,3A7qX2QjDlPnazUsRk5y0M,spotify:track:3A7qX2QjDlPnazUsRk5y0M,0.557,0.65,0.548,-5.827,0.0591,0
12,Havana,Camila Cabello,111772,11/24/2017,it,0ofbQMrRDsUaVKq2mGLEAb,spotify:track:0ofbQMrRDsUaVKq2mGLEAb,0.418,0.517,0.768,-4.323,0.0312,3.8e-05
16,Perfect Strangers,Jonas Blue,111763,1/6/2017,ph,1CUVN2kn7mW5FjkqXTR2W1,spotify:track:1CUVN2kn7mW5FjkqXTR2W1,0.709,0.819,0.742,-5.307,0.0487,0
8,Ric Flair Drip (& Metro Boomin),Offset,111750,11/24/2017,ca,7sO5G9EABYOXQKNPNiE9NR,spotify:track:7sO5G9EABYOXQKNPNiE9NR,0.333,0.428,0.88,-8.28,0.206,5.07e-05
50,Paris,The Chainsmokers,111744,5/12/2017,mx,72jbDTw1piOOj770jWNeaG,spotify:track:72jbDTw1piOOj770jWNeaG,0.219,0.658,0.653,-6.428,0.0304,1.66e-06
16,Robarte un Beso,Carlos Vives,111702,9/1/2017,ar,4z3GJkrtH97Bj6fRta983T,spotify:track:4z3GJkrtH97Bj6fRta983T,0.678,0.884,0.748,-3.556,0.0501,0
16,Swalla (feat. Nicki Minaj & Ty Dolla $ign),Jason Derulo,111670,4/14/2017,es,6kex4EBAj0WHXDKZMEJaaF,spotify:track:6kex4EBAj0WHXDKZMEJaaF,0.782,0.817,0.696,-3.862,0.109,0
13,Sconosciuti da una vita,J-AX,111641,11/24/2017,it,2x82H3RSJRRQKZDMFlIpG3,spotify:track:2x82H3RSJRRQKZDMFlIpG3,0.596,0.743,0.617,-5.001,0.135,0
11,How Long,Charlie Puth,111625,11/24/2017,ph,32DGGj6KlNuBr6WaqRxpxi,spotify:track:32DGGj6KlNuBr6WaqRxpxi,0.779,0.581,0.849,-5.243,0.0767,3.61e-06
64,Todo Dia,Pabllo Vittar,111577,7/7/2017,br,3iDY4SzUHPkC3WTXpfxXJG,spotify:track:3iDY4SzUHPkC3WTXpfxXJG,0.128,0.657,0.803,-5.136,0.0455,0
21,2U (feat. Justin Bieber),David Guetta,111567,9/1/2017,se,3A7qX2QjDlPnazUsRk5y0M,spotify:track:3A7qX2QjDlPnazUsRk5y0M,0.557,0.65,0.548,-5.827,0.0591,0
13,Como Antes (feat. Wisin),Yandel,111564,11/24/2017,cl,5YzA563GXTuwQaRq24z1k5,spotify:track:5YzA563GXTuwQaRq24z1k5,0.746,0.876,0.813,-4.278,0.172,0
55,Blackout,RIN,111545,9/1/2017,de,0AuhdBr6C98i37znwH4e69,spotify:track:0AuhdBr6C98i37znwH4e69,0.57,0.601,0.856,-5.412,0.281,0
26,Nancy Mulligan,Ed Sheeran,111455,3/3/2017,nl,35QZaWQRkmnAVqBF1TLCxQ,spotify:track:35QZaWQRkmnAVqBF1TLCxQ,0.858,0.852,0.68,-4.35,0.0349,0
67,What Lovers Do (feat. SZA),Maroon 5,111453,9/1/2017,br,6YVpU5vVxezJCYeQUxIkRT,spotify:track:6YVpU5vVxezJCYeQUxIkRT,0.419,0.597,0.799,-5.131,0.0611,5.66e-06
13,Dusk Till Dawn - Radio Edit,ZAYN,111449,10/27/2017,ph,1j4kHkkpqZRBwE0A4CN4Yv,spotify:track:1j4kHkkpqZRBwE0A4CN4Yv,0.0967,0.437,0.258,-6.593,0.039,1.27e-06
21,Me Llamas (feat. Maluma) - Remix,Piso 21,111408,2/3/2017,es,5hEM0JchdVzQ5PwvSfITeX,spotify:track:5hEM0JchdVzQ5PwvSfITeX,0.745,0.838,0.76,-3.828,0.0529,1.3e-06
47,In the Name of Love,Martin Garrix,111405,1/6/2017,gb,04DwTuZ2VBdJCCC5TROn7L,spotify:track:04DwTuZ2VBdJCCC5TROn7L,0.196,0.485,0.49,-6.237,0.0406,0
11,Perfect,Ed Sheeran,111288,11/24/2017,fr,0tgVpDi06FyKpA1z0VMD4v,spotify:track:0tgVpDi06FyKpA1z0VMD4v,0.168,0.448,0.599,-6.312,0.0232,0
17,Rockabye (feat. Sean Paul & Anne-Marie),Clean Bandit,111260,2/3/2017,ph,5knuzwU65gJK7IF5yJsuaW,spotify:track:5knuzwU65gJK7IF5yJsuaW,0.742,0.763,0.72,-4.068,0.0523,0
66,Silence,Marshmello,111258,11/24/2017,br,7vGuf3Y35N4wmASOKLUVVU,spotify:track:7vGuf3Y35N4wmASOKLUVVU,0.286,0.761,0.52,-3.093,0.0853,4.96e-06
21,What About Us,P!nk,111257,9/1/2017,au,31MkGwj0SWgZaTvEt5Hgxv,spotify:track:31MkGwj0SWgZaTvEt5Hgxv,0.187,0.594,0.386,-6.186,0.0565,3.03e-06
68,Fetish (feat. Gucci Mane),Selena Gomez,111249,9/1/2017,br,0XLOf9LhyazPX9Ld8jPiUq,spotify:track:0XLOf9LhyazPX9Ld8jPiUq,0.305,0.61,0.708,-4.522,0.0574,4.45e-06
17,"Feels (feat. Pharrell Williams, Katy Perry & Big Sean)",Calvin Harris,111230,8/4/2017,se,5bcTCxgc7xVfSaMV3RuVke,spotify:track:5bcTCxgc7xVfSaMV3RuVke,0.872,0.745,0.893,-3.105,0.0571,0
12,"Feels (feat. Pharrell Williams, Katy Perry & Big Sean)",Calvin Harris,111221,7/7/2017,ph,5bcTCxgc7xVfSaMV3RuVke,spotify:track:5bcTCxgc7xVfSaMV3RuVke,0.872,0.745,0.893,-3.105,0.0571,0
20,Robarte un Beso,Carlos Vives,111184,12/8/2017,es,0JcNysfWVWaMS7R6vzGB2k,spotify:track:0JcNysfWVWaMS7R6vzGB2k,0.64,0.858,0.742,-4.946,0.0483,0
2,All I Want for Christmas Is You,Mariah Carey,111183,12/8/2017,no,0bYg9bo50gSsH3LtXe2SQn,spotify:track:0bYg9bo50gSsH3LtXe2SQn,0.346,0.625,0.335,-7.462,0.0386,0
2,Rica,Gilli,111181,7/7/2017,dk,69oJmQ3NnWHQriYQ4L8dKa,spotify:track:69oJmQ3NnWHQriYQ4L8dKa,0.822,0.75,0.791,-4.491,0.143,0
49,Young Dumb & Broke,Khalid,111153,11/24/2017,de,5Z3GHaZ6ec9bsiI5BenrbY,spotify:track:5Z3GHaZ6ec9bsiI5BenrbY,0.394,0.539,0.798,-6.351,0.0421,1.66e-05
9,Vacaciones,Wisin,111150,3/3/2017,ar,3dQDid3IUNhZy1OehIfYfE,spotify:track:3dQDid3IUNhZy1OehIfYfE,0.694,0.909,0.772,-3.225,0.166,0
19,Is Dit Over,Ronnie Flex,111144,8/4/2017,nl,0fsmTJldWyMkaCWTWt68yq,spotify:track:0fsmTJldWyMkaCWTWt68yq,0.331,0.522,0.621,-8.232,0.0756,5.42e-06
41,De Quem Ã a Culpa? - Ao Vivo,MarÃ­lia MendonÃ§a,111130,3/3/2017,br,4YhPcVIxIAJrLhFVPGbJkE,spotify:track:4YhPcVIxIAJrLhFVPGbJkE,0.257,0.433,0.604,-6.256,0.0339,0
26,Only You,Zara Larsson,111088,5/12/2017,se,5SleX0NFeODNY7Xenal3gr,spotify:track:5SleX0NFeODNY7Xenal3gr,0.451,0.592,0.547,-7.294,0.0388,1.26e-06
37,Chillax (feat. Ky-Mani Marley),Farruko,110989,1/6/2017,mx,1lxswgIpzV6HhENRvkflES,spotify:track:1lxswgIpzV6HhENRvkflES,0.512,0.646,0.827,-4.727,0.0766,0
27,What Lovers Do (feat. SZA),Maroon 5,110925,11/24/2017,nl,3hBBKuWJfxlIlnd9QFoC8k,spotify:track:3hBBKuWJfxlIlnd9QFoC8k,0.393,0.615,0.795,-5.211,0.0671,2.98e-06
67,No More Sad Songs,Little Mix,110900,3/3/2017,gb,5ZnJsoJGkQ5K15W7Rcr5JO,spotify:track:5ZnJsoJGkQ5K15W7Rcr5JO,0.728,0.782,0.709,-3.526,0.0469,4.71e-06
16,Shape of You,Ed Sheeran,110887,7/7/2017,au,7qiZfU4dY1lWllzX7mPBI3,spotify:track:7qiZfU4dY1lWllzX7mPBI3,0.931,0.652,0.825,-3.183,0.0802,0
28,"Yo Contigo, TÃº Conmigo - The Gong Gong Song / El Tema De La PelÃ­cula ""Gru 3 Mi Villano Favorito""",Morat,110864,8/4/2017,es,77L1xG4kehRoAB4K37gQEA,spotify:track:77L1xG4kehRoAB4K37gQEA,0.883,0.665,0.726,-6.881,0.166,0
26,Chained To The Rhythm,Katy Perry,110829,3/3/2017,au,6520aj0B4FSKGVuKNsOCOi,spotify:track:6520aj0B4FSKGVuKNsOCOi,0.462,0.801,0.448,-5.363,0.165,0
51,Symphony (feat. Zara Larsson),Clean Bandit,110796,5/12/2017,mx,1x5sYLZiu9r5E43kMlt9f8,spotify:track:1x5sYLZiu9r5E43kMlt9f8,0.457,0.629,0.707,-4.581,0.0563,1.6e-05
29,Me Llamas (feat. Maluma) - Remix,Piso 21,110788,8/4/2017,es,5hEM0JchdVzQ5PwvSfITeX,spotify:track:5hEM0JchdVzQ5PwvSfITeX,0.745,0.838,0.76,-3.828,0.0529,1.3e-06
26,Tu Foto,Ozuna,110787,5/12/2017,es,0Szp49tpFasIjX04Mcsydp,spotify:track:0Szp49tpFasIjX04Mcsydp,0.795,0.482,0.735,-9.21,0.0508,0.000194
32,Malibu,Miley Cyrus,110783,6/9/2017,es,2habSXqcJGExM6JJyskY7O,spotify:track:2habSXqcJGExM6JJyskY7O,0.4,0.782,0.565,-6.413,0.0506,4.16e-05
48,Lemon,N.E.R.D,110783,11/24/2017,gb,6tUgfsOa8PLkoede5nOR7D,spotify:track:6tUgfsOa8PLkoede5nOR7D,0.189,0.73,0.919,-6.581,0.088,8.51e-05
27,Chained To The Rhythm,Katy Perry,110782,3/3/2017,nl,6520aj0B4FSKGVuKNsOCOi,spotify:track:6520aj0B4FSKGVuKNsOCOi,0.462,0.801,0.448,-5.363,0.165,0
48,Sorry Not Sorry,Demi Lovato,110779,9/1/2017,mx,25C5CowdsfXld2jJanbiex,spotify:track:25C5CowdsfXld2jJanbiex,0.868,0.638,0.701,-6.889,0.238,0
14,Man's Not Hot,Big Shaq,110733,12/8/2017,se,2nUJvBO87SkxCViQsLc9Zr,spotify:track:2nUJvBO87SkxCViQsLc9Zr,0.633,0.885,0.895,-4.182,0.268,4.04e-05
5,Silence,Marshmello,110727,10/27/2017,no,7vGuf3Y35N4wmASOKLUVVU,spotify:track:7vGuf3Y35N4wmASOKLUVVU,0.286,0.761,0.52,-3.093,0.0853,4.96e-06
17,More Than You Know,Axwell /\ Ingrosso,110710,10/27/2017,se,3PEgB3fkiojxms35ntsTgs,spotify:track:3PEgB3fkiojxms35ntsTgs,0.544,0.743,0.644,-5.002,0.0355,0
52,Ohne mein Team,Bonez MC,110691,7/7/2017,de,05Mp2UJulSttxQ4E6hQPH3,spotify:track:05Mp2UJulSttxQ4E6hQPH3,0.635,0.8,0.766,-6.062,0.0938,1.6e-05
18,Passionfruit,Drake,110684,5/12/2017,nl,7hDc8b7IXETo14hHIHdnhd,spotify:track:7hDc8b7IXETo14hHIHdnhd,0.364,0.463,0.809,-11.377,0.0396,0.085
24,Hunter,Galantis,110647,6/9/2017,se,3caMfJGFp53NAH2TuigdNj,spotify:track:3caMfJGFp53NAH2TuigdNj,0.653,0.712,0.509,-5.747,0.111,0
39,Cheap Thrills,Sia,110599,1/6/2017,br,27SdWb2rFzO6GWiYDBTD9j,spotify:track:27SdWb2rFzO6GWiYDBTD9j,0.732,0.698,0.628,-5.608,0.105,0.00143
64,Sunset Lover,Petit Biscuit,110580,3/3/2017,de,0hNduWmlWmEmuwEFcYvRu1,spotify:track:0hNduWmlWmEmuwEFcYvRu1,0.236,0.467,0.783,-9.474,0.0503,0.809
30,Tu Foto,Ozuna,110577,8/4/2017,es,0Szp49tpFasIjX04Mcsydp,spotify:track:0Szp49tpFasIjX04Mcsydp,0.795,0.482,0.735,-9.21,0.0508,0.000194
69,Swish Swish,Katy Perry,110567,9/1/2017,br,2kVHAQKVtczchKctctzbtK,spotify:track:2kVHAQKVtczchKctctzbtK,0.534,0.716,0.836,-5.211,0.0549,1.83e-05
11,Pretty Girl - Cheat Codes X CADE Remix,Maggie Lindemann,110532,8/4/2017,ph,1NDxZ7cFAo481dtYWdrUnR,spotify:track:1NDxZ7cFAo481dtYWdrUnR,0.733,0.868,0.703,-4.661,0.0291,0.132
17,Gucci Gang,Lil Pump,110523,11/24/2017,se,43ZyHQITOjhciSUUNPVRHc,spotify:track:43ZyHQITOjhciSUUNPVRHc,0.699,0.523,0.936,-6.71,0.0597,0
22,La Rompe Corazones,Daddy Yankee,110520,2/3/2017,es,4okba5wu9mMLXx79DXLKi3,spotify:track:4okba5wu9mMLXx79DXLKi3,0.891,0.859,0.685,-2.595,0.0553,0
10,First Time,Kygo,110516,6/9/2017,no,2Gl0FzuLxflY6nPifJp5Dr,spotify:track:2Gl0FzuLxflY6nPifJp5Dr,0.679,0.592,0.633,-7.245,0.112,0
5,Otra Vez (feat. J Balvin),Zion & Lennox,110504,3/3/2017,cl,3QwBODjSEzelZyVjxPOHdq,spotify:track:3QwBODjSEzelZyVjxPOHdq,0.704,0.772,0.832,-5.429,0.1,0.000486
10,Despacito - Remix,Luis Fonsi,110482,7/7/2017,ar,5CtI0qwDJkDQGwXD1H1cLb,spotify:track:5CtI0qwDJkDQGwXD1H1cLb,0.813,0.815,0.694,-4.328,0.12,0
67,Too Good At Goodbyes,Sam Smith,110478,11/24/2017,br,1mXVgsBdtIVeCLJnSnmtdV,spotify:track:1mXVgsBdtIVeCLJnSnmtdV,0.534,0.375,0.698,-8.279,0.0491,0
52,DÃ©jame te explico,Reykon,110461,7/7/2017,mx,7jzpAD8q77nwEmSsqUeUjy,spotify:track:7jzpAD8q77nwEmSsqUeUjy,0.865,0.78,0.836,-4.448,0.0665,0
56,OlÃ© OlÃ©,Capital Bra,110417,9/1/2017,de,7FpW9V6XATqH6z7jhqQjlp,spotify:track:7FpW9V6XATqH6z7jhqQjlp,0.558,0.81,0.913,-6.289,0.142,0.000212
17,Call On Me - Ryan Riback Extended Remix,Starley,110394,1/6/2017,ph,78rIJddV4X0HkNAInEcYde,spotify:track:78rIJddV4X0HkNAInEcYde,0.717,0.838,0.67,-4.031,0.0362,0.000611
7,Gyal You A Party Animal - Remix,Charly Black,110373,1/6/2017,es,1AkTW13ysu0AJrwuM6UY0I,spotify:track:1AkTW13ysu0AJrwuM6UY0I,0.701,0.889,0.723,-4.017,0.0939,0
10,Shape of You,Ed Sheeran,110369,5/12/2017,no,7qiZfU4dY1lWllzX7mPBI3,spotify:track:7qiZfU4dY1lWllzX7mPBI3,0.931,0.652,0.825,-3.183,0.0802,0
2,Something Just Like This,The Chainsmokers,110342,3/3/2017,id,6RUKPb4LETWmmr3iAEQktW,spotify:track:6RUKPb4LETWmmr3iAEQktW,0.446,0.635,0.617,-6.769,0.0317,1.44e-05
29,Santa Boma,SFB,110333,7/7/2017,nl,0ZqV06AHeEhFWTswhivpNp,spotify:track:0ZqV06AHeEhFWTswhivpNp,0.474,0.619,0.795,-6.949,0.349,0
14,Bella y Sensual,Romeo Santos,110331,11/24/2017,cl,0ERbK7qVqveCaBWIiYCrl3,spotify:track:0ERbK7qVqveCaBWIiYCrl3,0.749,0.713,0.635,-6.909,0.0937,0
62,Bestie,Yungen,110315,12/8/2017,gb,638s8Qi75q1pXjuH86fJX7,spotify:track:638s8Qi75q1pXjuH86fJX7,0.585,0.59,0.497,-7.564,0.258,0
50,Cuatro Babys,Maluma,110305,3/3/2017,mx,0JoHqmlqE0W0i9prt6kcHR,spotify:track:0JoHqmlqE0W0i9prt6kcHR,0.0957,0.547,0.772,-6.373,0.0541,4.35e-06
57,Lass sie gehen,Casper,110275,9/1/2017,de,1DmTjPulewJKFW2xbhYNJE,spotify:track:1DmTjPulewJKFW2xbhYNJE,0.478,0.691,0.571,-9.075,0.129,6.28e-05
18,Shape of You,Ed Sheeran,110257,8/4/2017,se,7qiZfU4dY1lWllzX7mPBI3,spotify:track:7qiZfU4dY1lWllzX7mPBI3,0.931,0.652,0.825,-3.183,0.0802,0
6,Chantaje (feat. Maluma),Shakira,110246,3/3/2017,cl,6mICuAdrwEjh6Y6lroV2Kg,spotify:track:6mICuAdrwEjh6Y6lroV2Kg,0.907,0.773,0.852,-2.921,0.0776,3.05e-05
49,One Last Song,Sam Smith,110221,11/24/2017,gb,01uk7IzZyFNfQTDBXxx6NB,spotify:track:01uk7IzZyFNfQTDBXxx6NB,0.434,0.523,0.667,-6.439,0.0281,0
28,Dusk Till Dawn - Radio Edit,ZAYN,110210,11/24/2017,nl,1j4kHkkpqZRBwE0A4CN4Yv,spotify:track:1j4kHkkpqZRBwE0A4CN4Yv,0.0967,0.437,0.258,-6.593,0.039,1.27e-06
28,Run Up (feat. PARTYNEXTDOOR & Nicki Minaj),Major Lazer,110195,3/3/2017,nl,0fg8CqpjdojMyXLNzM2PaJ,spotify:track:0fg8CqpjdojMyXLNzM2PaJ,0.674,0.743,0.803,-3.602,0.0681,2.12e-06
13,That's What I Like,Bruno Mars,110183,7/7/2017,ph,0KKkJNfGyhkQ5aFogxQAPU,spotify:track:0KKkJNfGyhkQ5aFogxQAPU,0.86,0.56,0.853,-4.961,0.0406,0
49,There for You,Martin Garrix,110162,9/1/2017,mx,6jA8HL9i4QGzsj6fjoxp8Y,spotify:track:6jA8HL9i4QGzsj6fjoxp8Y,0.13,0.644,0.611,-7.607,0.0553,0
4,"Feels (feat. Pharrell Williams, Katy Perry & Big Sean)",Calvin Harris,110112,9/1/2017,fr,5bcTCxgc7xVfSaMV3RuVke,spotify:track:5bcTCxgc7xVfSaMV3RuVke,0.872,0.745,0.893,-3.105,0.0571,0
5,Look What You Made Me Do,Taylor Swift,110037,9/1/2017,no,6uFsE1JgZ20EXyU0JQZbUR,spotify:track:6uFsE1JgZ20EXyU0JQZbUR,0.497,0.68,0.773,-6.378,0.141,1.57e-05
14,Thunder,Imagine Dragons,110026,7/7/2017,ph,0tKcYR2II1VCQWT79i5NrW,spotify:track:0tKcYR2II1VCQWT79i5NrW,0.298,0.81,0.6,-4.749,0.0479,0.21
19,Salam,Boef,110004,4/14/2017,nl,5zhTxSctAPGFmXSZ7RPmxG,spotify:track:5zhTxSctAPGFmXSZ7RPmxG,0.561,0.878,0.617,-4.782,0.285,0
58,Gamma,RIN,110001,9/1/2017,de,4riWElAB3gcltV7vrfHcOJ,spotify:track:4riWElAB3gcltV7vrfHcOJ,0.508,0.665,0.843,-6.044,0.0952,1.99e-06
40,Ela SÃ³ Quer Paz,Projota,109974,1/6/2017,br,3mTUqLbtWm2DAEwvQTyu4d,spotify:track:3mTUqLbtWm2DAEwvQTyu4d,0.939,0.669,0.667,-4.531,0.165,0
25,TÃº Foto,Ozuna,109972,9/1/2017,es,5zSOVwaY3sVjnmLhuEfsuf,spotify:track:5zSOVwaY3sVjnmLhuEfsuf,0.812,0.565,0.748,-5.895,0.0476,0.00169
27,Love$ick,Mura Masa,109944,3/3/2017,au,5v9N8Rx3QsFvr50cxyQcA3,spotify:track:5v9N8Rx3QsFvr50cxyQcA3,0.732,0.771,0.665,-5.124,0.14,0.00449
68,Mi Gente (feat. BeyoncÃ©),J Balvin,109944,11/24/2017,br,7fwXWKdDNI5IutOMc5OKYw,spotify:track:7fwXWKdDNI5IutOMc5OKYw,0.434,0.714,0.705,-6.39,0.0792,0
68,Fake Love,Drake,109922,3/3/2017,gb,343YBumqHu19cGoGARUTsd,spotify:track:343YBumqHu19cGoGARUTsd,0.605,0.488,0.927,-9.433,0.42,0
12,"Torete - From ""Love You to the Stars And Back""",Moira Dela Torre,109892,11/24/2017,ph,4aUf4lzQ1di5JajZ4a9FuI,spotify:track:4aUf4lzQ1di5JajZ4a9FuI,0.218,0.391,0.286,-5.8,0.03,0
53,Das Geld muss weg,Marteria,109853,5/12/2017,de,57pB6veKY6ZTJiVLfVc1UJ,spotify:track:57pB6veKY6ZTJiVLfVc1UJ,0.333,0.723,0.768,-4.048,0.18,0
18,Call On Me - Ryan Riback Extended Remix,Starley,109850,3/3/2017,ph,78rIJddV4X0HkNAInEcYde,spotify:track:78rIJddV4X0HkNAInEcYde,0.717,0.838,0.67,-4.031,0.0362,0.000611
5,Something Just Like This,The Chainsmokers,109836,5/12/2017,it,6RUKPb4LETWmmr3iAEQktW,spotify:track:6RUKPb4LETWmmr3iAEQktW,0.446,0.635,0.617,-6.769,0.0317,1.44e-05
53,Galway Girl,Ed Sheeran,109831,5/12/2017,br,0afhq8XCExXpqazXczTSve,spotify:track:0afhq8XCExXpqazXczTSve,0.781,0.876,0.624,-3.374,0.1,0
11,Hear Me Now,Alok,109797,1/6/2017,se,1a5Yu5L18qNxVhXx38njON,spotify:track:1a5Yu5L18qNxVhXx38njON,0.45,0.442,0.789,-7.844,0.0421,0.00366
49,Si TÃº La Ves (feat. Wisin),Nicky Jam,109757,11/24/2017,mx,4yN6xPLopmTLvc27pO9LIE,spotify:track:4yN6xPLopmTLvc27pO9LIE,0.786,0.731,0.685,-5.119,0.093,0
42,Se o Amor Tiver Lugar,Jorge & Mateus,109744,3/3/2017,br,4sFVdIwmVj2y87qqOWwSU3,spotify:track:4sFVdIwmVj2y87qqOWwSU3,0.377,0.739,0.606,-3.954,0.0384,0
8,Call On Me - Ryan Riback Extended Remix,Starley,109740,1/6/2017,nl,78rIJddV4X0HkNAInEcYde,spotify:track:78rIJddV4X0HkNAInEcYde,0.717,0.838,0.67,-4.031,0.0362,0.000611
50,What About Us,P!nk,109725,11/24/2017,de,0Qh38w01QRXK6KHIv0e3hb,spotify:track:0Qh38w01QRXK6KHIv0e3hb,0.187,0.588,0.489,-6.177,0.0507,2.11e-06
5,El Party,Jake La Furia,109685,9/1/2017,it,5xyExId5XWZplBvjmbIuy6,spotify:track:5xyExId5XWZplBvjmbIuy6,0.57,0.81,0.678,-5.756,0.0342,0
41,Sorry,Justin Bieber,109670,1/6/2017,br,69bp2EbF7Q2rqc5N3ylezZ,spotify:track:69bp2EbF7Q2rqc5N3ylezZ,0.41,0.76,0.654,-3.669,0.045,0
12,Shape of You,Ed Sheeran,109593,8/4/2017,ph,7qiZfU4dY1lWllzX7mPBI3,spotify:track:7qiZfU4dY1lWllzX7mPBI3,0.931,0.652,0.825,-3.183,0.0802,0
30,Symphony (feat. Zara Larsson),Clean Bandit,109569,7/7/2017,nl,1x5sYLZiu9r5E43kMlt9f8,spotify:track:1x5sYLZiu9r5E43kMlt9f8,0.457,0.629,0.707,-4.581,0.0563,1.6e-05
27,You Don't Know Me - Radio Edit,Jax Jones,109520,5/12/2017,es,4WrS6vezaPwOafKJmHqMEU,spotify:track:4WrS6vezaPwOafKJmHqMEU,0.661,0.669,0.887,-6.058,0.144,0
67,Told You So,Paramore,109500,5/12/2017,gb,7BpYWzZwrsljT1eIjb0TqR,spotify:track:7BpYWzZwrsljT1eIjb0TqR,0.904,0.814,0.639,-5.632,0.0385,2.98e-05
19,Kleine Jongen,Lil' Kleine,109498,6/9/2017,nl,0Ub2WcpO3sjeDPZhc1iRoa,spotify:track:0Ub2WcpO3sjeDPZhc1iRoa,0.802,0.701,0.897,-6.231,0.328,0
33,Chantaje (feat. Maluma),Shakira,109479,6/9/2017,es,6mICuAdrwEjh6Y6lroV2Kg,spotify:track:6mICuAdrwEjh6Y6lroV2Kg,0.907,0.773,0.852,-2.921,0.0776,3.05e-05
34,ReggaetÃ³n Lento (Bailemos),CNCO,109452,6/9/2017,es,3AEZUABDXNtecAOSC1qTfo,spotify:track:3AEZUABDXNtecAOSC1qTfo,0.71,0.838,0.761,-3.073,0.0502,0
70,"I'm the One (feat. Justin Bieber, Quavo, Chance the Rapper & Lil Wayne)",DJ Khaled,109428,9/1/2017,br,3DXncPQOG4VBw3QHh3S817,spotify:track:3DXncPQOG4VBw3QHh3S817,0.811,0.668,0.609,-4.284,0.0367,0
53,Para QuÃ© Lastimarme,Gerardo Ortiz,109401,7/7/2017,mx,6c5ghmeB5B3eUwO9Gr4Dgx,spotify:track:6c5ghmeB5B3eUwO9Gr4Dgx,0.767,0.423,0.661,-7.107,0.026,0
25,Hey Mamma - Radio Edit,Sunstroke Project,109395,6/9/2017,se,3vcHPShfJAFP3TtAAsTHsV,spotify:track:3vcHPShfJAFP3TtAAsTHsV,0.641,0.807,0.832,-5.946,0.11,0.00951
25,EscÃ¡pate Conmigo,Wisin,109380,11/24/2017,es,2cnKEkpVUSV4wnjQiTWfH6,spotify:track:2cnKEkpVUSV4wnjQiTWfH6,0.754,0.864,0.747,-3.181,0.0599,4.46e-05
43,O Nosso Santo Bateu - Na Praia / Ao Vivo,Matheus & Kauan,109341,3/3/2017,br,6SwI4OplF8m5NH8wHKIps8,spotify:track:6SwI4OplF8m5NH8wHKIps8,0.406,0.735,0.482,-4.566,0.134,0
6,More Than You Know,Axwell /\ Ingrosso,109309,9/1/2017,it,3PEgB3fkiojxms35ntsTgs,spotify:track:3PEgB3fkiojxms35ntsTgs,0.544,0.743,0.644,-5.002,0.0355,0
23,ExplÃ­cale (feat. Bad Bunny),Yandel,109192,10/27/2017,es,1LszjjoVwDDZcWUQbzeDLG,spotify:track:1LszjjoVwDDZcWUQbzeDLG,0.64,0.69,0.808,-4.151,0.148,0
50,Havana,Camila Cabello,109174,9/1/2017,mx,0ofbQMrRDsUaVKq2mGLEAb,spotify:track:0ofbQMrRDsUaVKq2mGLEAb,0.418,0.517,0.768,-4.323,0.0312,3.8e-05
19,As I Lay Me Down,Wiktoria,109172,4/14/2017,se,5VIZcrKXPd9wL4hqE4YN8z,spotify:track:5VIZcrKXPd9wL4hqE4YN8z,0.756,0.785,0.696,-5.892,0.0631,0
20,Weak,AJR,109156,6/9/2017,nl,3E2Zh20GDCR9B1EYjfXWyv,spotify:track:3E2Zh20GDCR9B1EYjfXWyv,0.678,0.637,0.673,-4.518,0.0429,0
25,Swalla (feat. Nicki Minaj & Ty Dolla $ign),Jason Derulo,109135,7/7/2017,se,6kex4EBAj0WHXDKZMEJaaF,spotify:track:6kex4EBAj0WHXDKZMEJaaF,0.782,0.817,0.696,-3.862,0.109,0
19,All Night,The Vamps,109114,3/3/2017,ph,1yNyoWWWikbLhwIGWjZuDW,spotify:track:1yNyoWWWikbLhwIGWjZuDW,0.458,0.775,0.563,-6.433,0.0366,0
3,rockstar,Post Malone,109092,12/8/2017,no,7wGoVu4Dady5GV0Sv4UIsx,spotify:track:7wGoVu4Dady5GV0Sv4UIsx,0.119,0.522,0.577,-6.594,0.0984,9.03e-05
7,Tu Falta De Querer,Mon Laferte,109065,3/3/2017,cl,4skuEIloXWuxxgekKupkEH,spotify:track:4skuEIloXWuxxgekKupkEH,0.441,0.475,0.394,-7.935,0.028,0.00749
21,Something Just Like This,The Chainsmokers,109058,6/9/2017,nl,6RUKPb4LETWmmr3iAEQktW,spotify:track:6RUKPb4LETWmmr3iAEQktW,0.446,0.635,0.617,-6.769,0.0317,1.44e-05
15,Dreamer,Axwell /\ Ingrosso,109028,12/8/2017,se,7hvxMYq9JW5W0vFwiu1Zdr,spotify:track:7hvxMYq9JW5W0vFwiu1Zdr,0.615,0.845,0.624,-5.451,0.0353,0
44,Rockabye (feat. Sean Paul & Anne-Marie),Clean Bandit,109004,3/3/2017,br,5knuzwU65gJK7IF5yJsuaW,spotify:track:5knuzwU65gJK7IF5yJsuaW,0.742,0.763,0.72,-4.068,0.0523,0
54,Instruction (feat. Demi Lovato & Stefflon Don),Jax Jones,108982,7/7/2017,gb,0XfOi87h82i09rQjWYG0Bm,spotify:track:0XfOi87h82i09rQjWYG0Bm,0.895,0.934,0.767,-3.057,0.195,0
50,Naked,James Arthur,108956,11/24/2017,gb,7krbSH3rd8lhIZvuzTV3Bl,spotify:track:7krbSH3rd8lhIZvuzTV3Bl,0.238,0.607,0.529,-6.781,0.0574,0
20,Ex (feat. Webb),LouiVos,108947,4/14/2017,nl,6EDnqtAZxZu5pGXyPjgvU8,spotify:track:6EDnqtAZxZu5pGXyPjgvU8,0.791,0.805,0.931,-5.73,0.206,0
17,Redbone,Childish Gambino,108943,7/7/2017,au,3kxfsdsCpFgN412fpnW85Y,spotify:track:3kxfsdsCpFgN412fpnW85Y,0.607,0.356,0.745,-10.425,0.0941,0.00943
28,Supermarket Flowers,Ed Sheeran,108934,3/3/2017,au,4VuS959DSpr82t3qBqCrWG,spotify:track:4VuS959DSpr82t3qBqCrWG,0.257,0.242,0.589,-10.517,0.0442,0
8,Despacito (Featuring Daddy Yankee),Luis Fonsi,108918,7/7/2017,it,4aWmUDTfIPGksMNLV2rQP2,spotify:track:4aWmUDTfIPGksMNLV2rQP2,0.846,0.786,0.66,-4.757,0.17,0
42,Louca de Saudade - Ao Vivo,Jorge & Mateus,108906,1/6/2017,br,2InJDvDcA4RXEeA9njdibl,spotify:track:2InJDvDcA4RXEeA9njdibl,0.722,0.739,0.728,-2.729,0.0272,0
20,Traag,Bizzey,108882,8/4/2017,nl,7shAADk9RbPvnwCSkjctFJ,spotify:track:7shAADk9RbPvnwCSkjctFJ,0.608,0.878,0.836,-4.629,0.0709,0.0149
51,Naive,The Kooks,108860,2/3/2017,gb,7BHPGtpuuWWsvE7cCaMuEU,spotify:track:7BHPGtpuuWWsvE7cCaMuEU,0.737,0.808,0.391,-6.209,0.0892,0
9,Plain Jane,A$AP Ferg,108829,11/24/2017,ca,4dVpf9jZjcORqGTLUaeYj9,spotify:track:4dVpf9jZjcORqGTLUaeYj9,0.52,0.844,0.797,-5.482,0.275,0
5,Suis-moi,Alonzo,108818,9/1/2017,fr,54G8osRu1htBw1PQEkYIdL,spotify:track:54G8osRu1htBw1PQEkYIdL,0.556,0.843,0.519,-6.432,0.189,6.42e-06
10,Me Llamas (feat. Maluma) - Remix,Piso 21,108795,3/3/2017,ar,5hEM0JchdVzQ5PwvSfITeX,spotify:track:5hEM0JchdVzQ5PwvSfITeX,0.745,0.838,0.76,-3.828,0.0529,1.3e-06
15,Attention,Charlie Puth,108748,9/1/2017,ph,4iLqG9SeJSnt0cSPICSjxv,spotify:track:4iLqG9SeJSnt0cSPICSjxv,0.777,0.626,0.774,-4.432,0.0432,3.12e-05
12,There for You,Martin Garrix,108731,6/9/2017,ph,6jA8HL9i4QGzsj6fjoxp8Y,spotify:track:6jA8HL9i4QGzsj6fjoxp8Y,0.13,0.644,0.611,-7.607,0.0553,0
21,Despacito (Featuring Daddy Yankee),Luis Fonsi,108693,4/14/2017,nl,4aWmUDTfIPGksMNLV2rQP2,spotify:track:4aWmUDTfIPGksMNLV2rQP2,0.846,0.786,0.66,-4.757,0.17,0
18,1-800-273-8255,Logic,108657,11/24/2017,se,5tz69p7tJuGPeMGwNTxYuV,spotify:track:5tz69p7tJuGPeMGwNTxYuV,0.352,0.574,0.62,-7.788,0.0479,0
59,Sorry Not Sorry,Demi Lovato,108621,9/1/2017,de,25C5CowdsfXld2jJanbiex,spotify:track:25C5CowdsfXld2jJanbiex,0.868,0.638,0.701,-6.889,0.238,0
26,Mi Gente,J Balvin,108605,11/24/2017,es,2rb5MvYT7ZIxbKW5hfcHx8,spotify:track:2rb5MvYT7ZIxbKW5hfcHx8,0.294,0.677,0.543,-4.915,0.0993,6.21e-06
18,Starboy,The Weeknd,108589,2/3/2017,ph,5aAx2yezTd8zXrkmtKl66Z,spotify:track:5aAx2yezTd8zXrkmtKl66Z,0.535,0.594,0.681,-7.028,0.282,3.49e-06
54,Hard Times,Paramore,108523,5/12/2017,br,0w5Bdu51Ka25Pf3hojsKHh,spotify:track:0w5Bdu51Ka25Pf3hojsKHh,0.916,0.818,0.695,-5.379,0.0334,4.87e-06
31,Pretty Girl - Cheat Codes X CADE Remix,Maggie Lindemann,108516,7/7/2017,nl,1NDxZ7cFAo481dtYWdrUnR,spotify:track:1NDxZ7cFAo481dtYWdrUnR,0.733,0.868,0.703,-4.661,0.0291,0.132
13,Attention,Charlie Puth,108512,7/7/2017,ca,4iLqG9SeJSnt0cSPICSjxv,spotify:track:4iLqG9SeJSnt0cSPICSjxv,0.777,0.626,0.774,-4.432,0.0432,3.12e-05
11,Perfect,Ed Sheeran,108491,3/3/2017,ca,0tgVpDi06FyKpA1z0VMD4v,spotify:track:0tgVpDi06FyKpA1z0VMD4v,0.168,0.448,0.599,-6.312,0.0232,0
55,Sweet Creature,Harry Styles,108462,5/12/2017,br,5kRPPEWFJIMox5qIkQkiz5,spotify:track:5kRPPEWFJIMox5qIkQkiz5,0.228,0.262,0.427,-8.541,0.0276,0
26,TÃº Me Obligaste,Antonio JosÃ©,108441,9/1/2017,es,2abUdU32h3kVukSQiohU6P,spotify:track:2abUdU32h3kVukSQiohU6P,0.634,0.829,0.744,-4.679,0.0616,0
22,1-800-273-8255,Logic,108430,9/1/2017,au,5tz69p7tJuGPeMGwNTxYuV,spotify:track:5tz69p7tJuGPeMGwNTxYuV,0.352,0.574,0.62,-7.788,0.0479,0
63,Despacito - Remix,Luis Fonsi,108416,12/8/2017,gb,5CtI0qwDJkDQGwXD1H1cLb,spotify:track:5CtI0qwDJkDQGwXD1H1cLb,0.813,0.815,0.694,-4.328,0.12,0
50,Mi Gente (feat. BeyoncÃ©),J Balvin,108409,11/24/2017,mx,7fwXWKdDNI5IutOMc5OKYw,spotify:track:7fwXWKdDNI5IutOMc5OKYw,0.434,0.714,0.705,-6.39,0.0792,0
60,Keine Angst,Casper,108399,9/1/2017,de,5nD55MtxZ3QdhNUWkPofEt,spotify:track:5nD55MtxZ3QdhNUWkPofEt,0.371,0.85,0.433,-5.989,0.0854,0.000478
5,Closer,The Chainsmokers,108370,1/6/2017,ca,7BKLCZ1jbUBVqRi2FVlTVw,spotify:track:7BKLCZ1jbUBVqRi2FVlTVw,0.661,0.524,0.748,-5.599,0.0338,0
38,Hear Me Now,Alok,108296,1/6/2017,mx,1a5Yu5L18qNxVhXx38njON,spotify:track:1a5Yu5L18qNxVhXx38njON,0.45,0.442,0.789,-7.844,0.0421,0.00366
52,Borro Cassette,Maluma,108280,5/12/2017,mx,6DUdDIRgLqCGq1DwkNWQTN,spotify:track:6DUdDIRgLqCGq1DwkNWQTN,0.785,0.701,0.73,-5.885,0.106,0
18,All Night,The Vamps,108249,1/6/2017,ph,1yNyoWWWikbLhwIGWjZuDW,spotify:track:1yNyoWWWikbLhwIGWjZuDW,0.458,0.775,0.563,-6.433,0.0366,0
29,ReggaetÃ³n Lento (Bailemos),CNCO,108243,7/7/2017,es,3AEZUABDXNtecAOSC1qTfo,spotify:track:3AEZUABDXNtecAOSC1qTfo,0.71,0.838,0.761,-3.073,0.0502,0
21,Felices los 4,Maluma,108223,12/8/2017,es,0qYTZCo5Bwh1nsUFGZP3zn,spotify:track:0qYTZCo5Bwh1nsUFGZP3zn,0.737,0.789,0.755,-4.502,0.146,0
64,Christmas Lights,Coldplay,108200,12/8/2017,gb,4fzyvSu73BhGvi96p2zwjL,spotify:track:4fzyvSu73BhGvi96p2zwjL,0.237,0.418,0.312,-9.146,0.0296,0.000679
23,Pretty Girl - Cheat Codes X CADE Remix,Maggie Lindemann,108198,9/1/2017,au,1NDxZ7cFAo481dtYWdrUnR,spotify:track:1NDxZ7cFAo481dtYWdrUnR,0.733,0.868,0.703,-4.661,0.0291,0.132
13,Strip That Down,Liam Payne,108150,9/1/2017,ca,6EpRaXYhGOB3fj4V2uDkMJ,spotify:track:6EpRaXYhGOB3fj4V2uDkMJ,0.527,0.485,0.869,-5.595,0.0545,0
27,Bella y Sensual,Romeo Santos,108125,9/1/2017,es,0ERbK7qVqveCaBWIiYCrl3,spotify:track:0ERbK7qVqveCaBWIiYCrl3,0.749,0.713,0.635,-6.909,0.0937,0
27,Una Lady Como TÃº,Manuel Turizo,108121,11/24/2017,es,7MHN1aCFtLXjownGhvEQlF,spotify:track:7MHN1aCFtLXjownGhvEQlF,0.86,0.477,0.788,-7.348,0.0434,0
8,Call On Me - Ryan Riback Extended Remix,Starley,108094,1/6/2017,au,78rIJddV4X0HkNAInEcYde,spotify:track:78rIJddV4X0HkNAInEcYde,0.717,0.838,0.67,-4.031,0.0362,0.000611
17,EscÃ¡pate Conmigo,Wisin,108085,11/24/2017,ar,2cnKEkpVUSV4wnjQiTWfH6,spotify:track:2cnKEkpVUSV4wnjQiTWfH6,0.754,0.864,0.747,-3.181,0.0599,4.46e-05
5,More Than You Know,Axwell /\ Ingrosso,108029,8/4/2017,no,3PEgB3fkiojxms35ntsTgs,spotify:track:3PEgB3fkiojxms35ntsTgs,0.544,0.743,0.644,-5.002,0.0355,0
5,Wolves,Selena Gomez,108026,11/24/2017,no,7EmGUiUaOSGDnUUQUDrOXC,spotify:track:7EmGUiUaOSGDnUUQUDrOXC,0.327,0.802,0.715,-4.647,0.0394,0
71,Oh Meu Deus,Projota,107959,9/1/2017,br,3bp5fh0qPmCqC5PWEewFkm,spotify:track:3bp5fh0qPmCqC5PWEewFkm,0.45,0.804,0.726,-4.301,0.0434,0.000392
22,Despacito (Featuring Daddy Yankee),Luis Fonsi,107887,6/9/2017,nl,4aWmUDTfIPGksMNLV2rQP2,spotify:track:4aWmUDTfIPGksMNLV2rQP2,0.846,0.786,0.66,-4.757,0.17,0
24,Ahora Dice,Chris Jeday,107886,10/27/2017,es,22eADXu8DfOAUEDw4vU8qy,spotify:track:22eADXu8DfOAUEDw4vU8qy,0.427,0.693,0.708,-5.516,0.138,0
65,"Heatstroke (feat. Young Thug, Pharrell Williams & Ariana Grande)",Calvin Harris,107876,4/14/2017,gb,60APt5N2NRaKWf5xzJdzyC,spotify:track:60APt5N2NRaKWf5xzJdzyC,0.713,0.728,0.784,-4.549,0.0539,0
18,I Fall Apart,Post Malone,107864,10/27/2017,se,75ZvA4QfFiZvzhj2xkaWAh,spotify:track:75ZvA4QfFiZvzhj2xkaWAh,0.291,0.538,0.556,-5.408,0.0382,0
19,Without You (feat. Sandro Cavazza),Avicii,107855,11/24/2017,se,6WbADFqMvR8N5u0BvtsWQE,spotify:track:6WbADFqMvR8N5u0BvtsWQE,0.279,0.855,0.652,-4.832,0.0441,0
24,Praying,Kesha,107810,9/1/2017,au,0jdny0dhgjUwoIp5GkqEaA,spotify:track:0jdny0dhgjUwoIp5GkqEaA,0.319,0.39,0.576,-7.202,0.0297,0
6,Issues,Julia Michaels,107808,2/3/2017,no,1sXUWdKx03aP9Gmzft58rt,spotify:track:1sXUWdKx03aP9Gmzft58rt,0.426,0.427,0.683,-6.827,0.0777,0
48,All We Know,The Chainsmokers,107804,1/6/2017,gb,2rizacJSyD9S1IQUxUxnsK,spotify:track:2rizacJSyD9S1IQUxUxnsK,0.296,0.586,0.662,-8.821,0.0307,0.00272
22,Attention,Charlie Puth,107799,9/1/2017,se,4iLqG9SeJSnt0cSPICSjxv,spotify:track:4iLqG9SeJSnt0cSPICSjxv,0.777,0.626,0.774,-4.432,0.0432,3.12e-05
26,Your Song,Rita Ora,107778,7/7/2017,se,4c2W3VKsOFoIg2SFaO6DY5,spotify:track:4c2W3VKsOFoIg2SFaO6DY5,0.962,0.624,0.855,-4.093,0.0488,0
51,Castle on the Hill,Ed Sheeran,107747,3/3/2017,mx,6PCUP3dWmTjcTtXY02oFdT,spotify:track:6PCUP3dWmTjcTtXY02oFdT,0.471,0.834,0.461,-4.868,0.0989,1.14e-05
28,Shape of You,Ed Sheeran,107713,9/1/2017,es,7qiZfU4dY1lWllzX7mPBI3,spotify:track:7qiZfU4dY1lWllzX7mPBI3,0.931,0.652,0.825,-3.183,0.0802,0
61,Swalla (feat. Nicki Minaj & Ty Dolla $ign),Jason Derulo,107708,9/1/2017,de,6kex4EBAj0WHXDKZMEJaaF,spotify:track:6kex4EBAj0WHXDKZMEJaaF,0.782,0.817,0.696,-3.862,0.109,0
7,Otra Vez (feat. J Balvin),Zion & Lennox,107692,1/6/2017,ar,3QwBODjSEzelZyVjxPOHdq,spotify:track:3QwBODjSEzelZyVjxPOHdq,0.704,0.772,0.832,-5.429,0.1,0.000486
25,HUMBLE.,Kendrick Lamar,107653,9/1/2017,au,7KXjTSCq5nL1LoYtL7XAwS,spotify:track:7KXjTSCq5nL1LoYtL7XAwS,0.421,0.621,0.908,-6.638,0.102,5.39e-05
69,Perfect,Ed Sheeran,107649,11/24/2017,br,0tgVpDi06FyKpA1z0VMD4v,spotify:track:0tgVpDi06FyKpA1z0VMD4v,0.168,0.448,0.599,-6.312,0.0232,0
62,Kleiner CabrÃ³n,Veysel,107648,9/1/2017,de,36XNdtXaPIAfhOiyKIPpWl,spotify:track:36XNdtXaPIAfhOiyKIPpWl,0.478,0.822,0.702,-5.502,0.134,0
12,Eraser,Ed Sheeran,107625,3/3/2017,ca,7oolFzHipTMg2nL7shhdz2,spotify:track:7oolFzHipTMg2nL7shhdz2,0.914,0.812,0.64,-5.647,0.0834,0
13,"Let Me Go (with Alesso, Florida Georgia Line & watt)",Hailee Steinfeld,107591,11/24/2017,ph,5AEtlRudpgdT5FtNiuly6Y,spotify:track:5AEtlRudpgdT5FtNiuly6Y,0.71,0.717,0.659,-4.202,0.0581,0
49,Deja Vu,J. Cole,107506,1/6/2017,gb,6I6NX6tjGsxFAsIfGzY9lJ,spotify:track:6I6NX6tjGsxFAsIfGzY9lJ,0.187,0.409,0.653,-11.446,0.421,0.00012
12,DÃ©faite de famille,Orelsan,107502,11/24/2017,fr,0IvTKTST66tq30ZeFWeqfm,spotify:track:0IvTKTST66tq30ZeFWeqfm,0.833,0.782,0.873,-3.828,0.343,0
13,Dahil Sa'Yo,Inigo Pascual,107478,8/4/2017,ph,4ai7c2BUjNpElhZdZDH7qF,spotify:track:4ai7c2BUjNpElhZdZDH7qF,0.963,0.894,0.764,-2.892,0.0327,0
